[
    {
      "LocalObservationDateTime": "2020-06-22T15:55:00+08:00",
      "EpochTime": 1592812500,
      "WeatherText": "Light rain",
      "WeatherIcon": 12,
      "HasPrecipitation": true,
      "PrecipitationType": "Rain",
      "IsDayTime": true,
      "Temperature": {
        "Metric": {
          "Value": 18.9,
          "Unit": "C",
          "UnitType": 17
        },
        "Imperial": {
          "Value": 66,
          "Unit": "F",
          "UnitType": 18
        }
      },
      "RealFeelTemperature": {
        "Metric": {
          "Value": 16.7,
          "Unit": "C",
          "UnitType": 17
        },
        "Imperial": {
          "Value": 62,
          "Unit": "F",
          "UnitType": 18
        }
      },
      "RealFeelTemperatureShade": {
        "Metric": {
          "Value": 16.7,
          "Unit": "C",
          "UnitType": 17
        },
        "Imperial": {
          "Value": 62,
          "Unit": "F",
          "UnitType": 18
        }
      },
      "RelativeHumidity": 36,
      "IndoorRelativeHumidity": 34,
      "DewPoint": {
        "Metric": {
          "Value": 3.9,
          "Unit": "C",
          "UnitType": 17
        },
        "Imperial": {
          "Value": 39,
          "Unit": "F",
          "UnitType": 18
        }
      },
      "Wind": {
        "Direction": {
          "Degrees": 23,
          "Localized": "NNE",
          "English": "NNE"
        },
        "Speed": {
          "Metric": {
            "Value": 31.5,
            "Unit": "km/h",
            "UnitType": 7
          },
          "Imperial": {
            "Value": 19.6,
            "Unit": "mi/h",
            "UnitType": 9
          }
        }
      },
      "WindGust": {
        "Speed": {
          "Metric": {
            "Value": 31.5,
            "Unit": "km/h",
            "UnitType": 7
          },
          "Imperial": {
            "Value": 19.6,
            "Unit": "mi/h",
            "UnitType": 9
          }
        }
      },
      "UVIndex": 0,
      "UVIndexText": "Low",
      "Visibility": {
        "Metric": {
          "Value": 16.1,
          "Unit": "km",
          "UnitType": 6
        },
        "Imperial": {
          "Value": 10,
          "Unit": "mi",
          "UnitType": 2
        }
      },
      "ObstructionsToVisibility": "R-",
      "CloudCover": 100,
      "Ceiling": {
        "Metric": {
          "Value": 4237,
          "Unit": "m",
          "UnitType": 5
        },
        "Imperial": {
          "Value": 13900,
          "Unit": "ft",
          "UnitType": 0
        }
      },
      "Pressure": {
        "Metric": {
          "Value": 1009,
          "Unit": "mb",
          "UnitType": 14
        },
        "Imperial": {
          "Value": 29.8,
          "Unit": "inHg",
          "UnitType": 12
        }
      },
      "PressureTendency": {
        "LocalizedText": "Falling",
        "Code": "F"
      },
      "Past24HourTemperatureDeparture": {
        "Metric": {
          "Value": -3.3,
          "Unit": "C",
          "UnitType": 17
        },
        "Imperial": {
          "Value": -6,
          "Unit": "F",
          "UnitType": 18
        }
      },
      "ApparentTemperature": {
        "Metric": {
          "Value": 18.9,
          "Unit": "C",
          "UnitType": 17
        },
        "Imperial": {
          "Value": 66,
          "Unit": "F",
          "UnitType": 18
        }
      },
      "WindChillTemperature": {
        "Metric": {
          "Value": 18.9,
          "Unit": "C",
          "UnitType": 17
        },
        "Imperial": {
          "Value": 66,
          "Unit": "F",
          "UnitType": 18
        }
      },
      "WetBulbTemperature": {
        "Metric": {
          "Value": 11,
          "Unit": "C",
          "UnitType": 17
        },
        "Imperial": {
          "Value": 52,
          "Unit": "F",
          "UnitType": 18
        }
      },
      "Precip1hr": {
        "Metric": {
          "Value": 0.5,
          "Unit": "mm",
          "UnitType": 3
        },
        "Imperial": {
          "Value": 0.02,
          "Unit": "in",
          "UnitType": 1
        }
      },
      "PrecipitationSummary": {
        "Precipitation": {
          "Metric": {
            "Value": 0,
            "Unit": "mm",
            "UnitType": 3
          },
          "Imperial": {
            "Value": 0,
            "Unit": "in",
            "UnitType": 1
          }
        },
        "PastHour": {
          "Metric": {
            "Value": 0.5,
            "Unit": "mm",
            "UnitType": 3
          },
          "Imperial": {
            "Value": 0.02,
            "Unit": "in",
            "UnitType": 1
          }
        },
        "Past3Hours": {
          "Metric": {
            "Value": 0.5,
            "Unit": "mm",
            "UnitType": 3
          },
          "Imperial": {
            "Value": 0.02,
            "Unit": "in",
            "UnitType": 1
          }
        },
        "Past6Hours": {
          "Metric": {
            "Value": 0.5,
            "Unit": "mm",
            "UnitType": 3
          },
          "Imperial": {
            "Value": 0.02,
            "Unit": "in",
            "UnitType": 1
          }
        },
        "Past9Hours": {
          "Metric": {
            "Value": 0.5,
            "Unit": "mm",
            "UnitType": 3
          },
          "Imperial": {
            "Value": 0.02,
            "Unit": "in",
            "UnitType": 1
          }
        },
        "Past12Hours": {
          "Metric": {
            "Value": 0.5,
            "Unit": "mm",
            "UnitType": 3
          },
          "Imperial": {
            "Value": 0.02,
            "Unit": "in",
            "UnitType": 1
          }
        },
        "Past18Hours": {
          "Metric": {
            "Value": 0.5,
            "Unit": "mm",
            "UnitType": 3
          },
          "Imperial": {
            "Value": 0.02,
            "Unit": "in",
            "UnitType": 1
          }
        },
        "Past24Hours": {
          "Metric": {
            "Value": 0.5,
            "Unit": "mm",
            "UnitType": 3
          },
          "Imperial": {
            "Value": 0.02,
            "Unit": "in",
            "UnitType": 1
          }
        }
      },
      "TemperatureSummary": {
        "Past6HourRange": {
          "Minimum": {
            "Metric": {
              "Value": 17.8,
              "Unit": "C",
              "UnitType": 17
            },
            "Imperial": {
              "Value": 64,
              "Unit": "F",
              "UnitType": 18
            }
          },
          "Maximum": {
            "Metric": {
              "Value": 21.1,
              "Unit": "C",
              "UnitType": 17
            },
            "Imperial": {
              "Value": 70,
              "Unit": "F",
              "UnitType": 18
            }
          }
        },
        "Past12HourRange": {
          "Minimum": {
            "Metric": {
              "Value": 17.2,
              "Unit": "C",
              "UnitType": 17
            },
            "Imperial": {
              "Value": 63,
              "Unit": "F",
              "UnitType": 18
            }
          },
          "Maximum": {
            "Metric": {
              "Value": 21.1,
              "Unit": "C",
              "UnitType": 17
            },
            "Imperial": {
              "Value": 70,
              "Unit": "F",
              "UnitType": 18
            }
          }
        },
        "Past24HourRange": {
          "Minimum": {
            "Metric": {
              "Value": 15.7,
              "Unit": "C",
              "UnitType": 17
            },
            "Imperial": {
              "Value": 60,
              "Unit": "F",
              "UnitType": 18
            }
          },
          "Maximum": {
            "Metric": {
              "Value": 22.8,
              "Unit": "C",
              "UnitType": 17
            },
            "Imperial": {
              "Value": 73,
              "Unit": "F",
              "UnitType": 18
            }
          }
        }
      },
      "MobileLink": "http://m.accuweather.com/en/au/perth/26797/current-weather/26797?lang=en-us",
      "Link": "http://www.accuweather.com/en/au/perth/26797/current-weather/26797?lang=en-us"
    },
    {
      "LocalObservationDateTime": "2020-06-22T14:55:00+08:00",
      "EpochTime": 1592808900,
      "WeatherText": "Light rain",
      "WeatherIcon": 12,
      "HasPrecipitation": true,
      "PrecipitationType": "Rain",
      "IsDayTime": true,
      "Temperature": {
        "Metric": {
          "Value": 20,
          "Unit": "C",
          "UnitType": 17
        },
        "Imperial": {
          "Value": 68,
          "Unit": "F",
          "UnitType": 18
        }
      },
      "RealFeelTemperature": {
        "Metric": {
          "Value": 17.5,
          "Unit": "C",
          "UnitType": 17
        },
        "Imperial": {
          "Value": 63,
          "Unit": "F",
          "UnitType": 18
        }
      },
      "RealFeelTemperatureShade": {
        "Metric": {
          "Value": 16.4,
          "Unit": "C",
          "UnitType": 17
        },
        "Imperial": {
          "Value": 62,
          "Unit": "F",
          "UnitType": 18
        }
      },
      "RelativeHumidity": 32,
      "IndoorRelativeHumidity": 32,
      "DewPoint": {
        "Metric": {
          "Value": 2.8,
          "Unit": "C",
          "UnitType": 17
        },
        "Imperial": {
          "Value": 37,
          "Unit": "F",
          "UnitType": 18
        }
      },
      "Wind": {
        "Direction": {
          "Degrees": 23,
          "Localized": "NNE",
          "English": "NNE"
        },
        "Speed": {
          "Metric": {
            "Value": 31.5,
            "Unit": "km/h",
            "UnitType": 7
          },
          "Imperial": {
            "Value": 19.6,
            "Unit": "mi/h",
            "UnitType": 9
          }
        }
      },
      "WindGust": {
        "Speed": {
          "Metric": {
            "Value": 31.5,
            "Unit": "km/h",
            "UnitType": 7
          },
          "Imperial": {
            "Value": 19.6,
            "Unit": "mi/h",
            "UnitType": 9
          }
        }
      },
      "UVIndex": 2,
      "UVIndexText": "Low",
      "Visibility": {
        "Metric": {
          "Value": 16.1,
          "Unit": "km",
          "UnitType": 6
        },
        "Imperial": {
          "Value": 10,
          "Unit": "mi",
          "UnitType": 2
        }
      },
      "ObstructionsToVisibility": "R-",
      "CloudCover": 30,
      "Ceiling": {
        "Metric": {
          "Value": 4267,
          "Unit": "m",
          "UnitType": 5
        },
        "Imperial": {
          "Value": 14000,
          "Unit": "ft",
          "UnitType": 0
        }
      },
      "Pressure": {
        "Metric": {
          "Value": 1009,
          "Unit": "mb",
          "UnitType": 14
        },
        "Imperial": {
          "Value": 29.8,
          "Unit": "inHg",
          "UnitType": 12
        }
      },
      "PressureTendency": {
        "LocalizedText": "Falling",
        "Code": "F"
      },
      "Past24HourTemperatureDeparture": {
        "Metric": {
          "Value": -2.2,
          "Unit": "C",
          "UnitType": 17
        },
        "Imperial": {
          "Value": -4,
          "Unit": "F",
          "UnitType": 18
        }
      },
      "ApparentTemperature": {
        "Metric": {
          "Value": 18.9,
          "Unit": "C",
          "UnitType": 17
        },
        "Imperial": {
          "Value": 66,
          "Unit": "F",
          "UnitType": 18
        }
      },
      "WindChillTemperature": {
        "Metric": {
          "Value": 20,
          "Unit": "C",
          "UnitType": 17
        },
        "Imperial": {
          "Value": 68,
          "Unit": "F",
          "UnitType": 18
        }
      },
      "WetBulbTemperature": {
        "Metric": {
          "Value": 11,
          "Unit": "C",
          "UnitType": 17
        },
        "Imperial": {
          "Value": 52,
          "Unit": "F",
          "UnitType": 18
        }
      },
      "Precip1hr": {
        "Metric": {
          "Value": 0.5,
          "Unit": "mm",
          "UnitType": 3
        },
        "Imperial": {
          "Value": 0.02,
          "Unit": "in",
          "UnitType": 1
        }
      },
      "PrecipitationSummary": {
        "Precipitation": {
          "Metric": {
            "Value": 0.3,
            "Unit": "mm",
            "UnitType": 3
          },
          "Imperial": {
            "Value": 0.01,
            "Unit": "in",
            "UnitType": 1
          }
        },
        "PastHour": {
          "Metric": {
            "Value": 0.5,
            "Unit": "mm",
            "UnitType": 3
          },
          "Imperial": {
            "Value": 0.02,
            "Unit": "in",
            "UnitType": 1
          }
        },
        "Past3Hours": {
          "Metric": {
            "Value": 0.5,
            "Unit": "mm",
            "UnitType": 3
          },
          "Imperial": {
            "Value": 0.02,
            "Unit": "in",
            "UnitType": 1
          }
        },
        "Past6Hours": {
          "Metric": {
            "Value": 0.5,
            "Unit": "mm",
            "UnitType": 3
          },
          "Imperial": {
            "Value": 0.02,
            "Unit": "in",
            "UnitType": 1
          }
        },
        "Past9Hours": {
          "Metric": {
            "Value": 0.5,
            "Unit": "mm",
            "UnitType": 3
          },
          "Imperial": {
            "Value": 0.02,
            "Unit": "in",
            "UnitType": 1
          }
        },
        "Past12Hours": {
          "Metric": {
            "Value": 0.5,
            "Unit": "mm",
            "UnitType": 3
          },
          "Imperial": {
            "Value": 0.02,
            "Unit": "in",
            "UnitType": 1
          }
        },
        "Past18Hours": {
          "Metric": {
            "Value": 0.5,
            "Unit": "mm",
            "UnitType": 3
          },
          "Imperial": {
            "Value": 0.02,
            "Unit": "in",
            "UnitType": 1
          }
        },
        "Past24Hours": {
          "Metric": {
            "Value": 0.5,
            "Unit": "mm",
            "UnitType": 3
          },
          "Imperial": {
            "Value": 0.02,
            "Unit": "in",
            "UnitType": 1
          }
        }
      },
      "TemperatureSummary": {
        "Past6HourRange": {
          "Minimum": {
            "Metric": {
              "Value": 17.8,
              "Unit": "C",
              "UnitType": 17
            },
            "Imperial": {
              "Value": 64,
              "Unit": "F",
              "UnitType": 18
            }
          },
          "Maximum": {
            "Metric": {
              "Value": 21.1,
              "Unit": "C",
              "UnitType": 17
            },
            "Imperial": {
              "Value": 70,
              "Unit": "F",
              "UnitType": 18
            }
          }
        },
        "Past12HourRange": {
          "Minimum": {
            "Metric": {
              "Value": 15.9,
              "Unit": "C",
              "UnitType": 17
            },
            "Imperial": {
              "Value": 61,
              "Unit": "F",
              "UnitType": 18
            }
          },
          "Maximum": {
            "Metric": {
              "Value": 21.1,
              "Unit": "C",
              "UnitType": 17
            },
            "Imperial": {
              "Value": 70,
              "Unit": "F",
              "UnitType": 18
            }
          }
        },
        "Past24HourRange": {
          "Minimum": {
            "Metric": {
              "Value": 15.7,
              "Unit": "C",
              "UnitType": 17
            },
            "Imperial": {
              "Value": 60,
              "Unit": "F",
              "UnitType": 18
            }
          },
          "Maximum": {
            "Metric": {
              "Value": 22.8,
              "Unit": "C",
              "UnitType": 17
            },
            "Imperial": {
              "Value": 73,
              "Unit": "F",
              "UnitType": 18
            }
          }
        }
      },
      "MobileLink": "http://m.accuweather.com/en/au/perth/26797/current-weather/26797?lang=en-us",
      "Link": "http://www.accuweather.com/en/au/perth/26797/current-weather/26797?lang=en-us"
    },
    {
      "LocalObservationDateTime": "2020-06-22T13:55:00+08:00",
      "EpochTime": 1592805300,
      "WeatherText": "Sunny",
      "WeatherIcon": 1,
      "HasPrecipitation": false,
      "PrecipitationType": null,
      "IsDayTime": true,
      "Temperature": {
        "Metric": {
          "Value": 21.1,
          "Unit": "C",
          "UnitType": 17
        },
        "Imperial": {
          "Value": 70,
          "Unit": "F",
          "UnitType": 18
        }
      },
      "RealFeelTemperature": {
        "Metric": {
          "Value": 20.2,
          "Unit": "C",
          "UnitType": 17
        },
        "Imperial": {
          "Value": 68,
          "Unit": "F",
          "UnitType": 18
        }
      },
      "RealFeelTemperatureShade": {
        "Metric": {
          "Value": 18.7,
          "Unit": "C",
          "UnitType": 17
        },
        "Imperial": {
          "Value": 66,
          "Unit": "F",
          "UnitType": 18
        }
      },
      "RelativeHumidity": 30,
      "IndoorRelativeHumidity": 30,
      "DewPoint": {
        "Metric": {
          "Value": 2.8,
          "Unit": "C",
          "UnitType": 17
        },
        "Imperial": {
          "Value": 37,
          "Unit": "F",
          "UnitType": 18
        }
      },
      "Wind": {
        "Direction": {
          "Degrees": 0,
          "Localized": "N",
          "English": "N"
        },
        "Speed": {
          "Metric": {
            "Value": 29.6,
            "Unit": "km/h",
            "UnitType": 7
          },
          "Imperial": {
            "Value": 18.4,
            "Unit": "mi/h",
            "UnitType": 9
          }
        }
      },
      "WindGust": {
        "Speed": {
          "Metric": {
            "Value": 29.6,
            "Unit": "km/h",
            "UnitType": 7
          },
          "Imperial": {
            "Value": 18.4,
            "Unit": "mi/h",
            "UnitType": 9
          }
        }
      },
      "UVIndex": 3,
      "UVIndexText": "Moderate",
      "Visibility": {
        "Metric": {
          "Value": 16.1,
          "Unit": "km",
          "UnitType": 6
        },
        "Imperial": {
          "Value": 10,
          "Unit": "mi",
          "UnitType": 2
        }
      },
      "ObstructionsToVisibility": "",
      "CloudCover": 0,
      "Ceiling": {
        "Metric": {
          "Value": 4267,
          "Unit": "m",
          "UnitType": 5
        },
        "Imperial": {
          "Value": 14000,
          "Unit": "ft",
          "UnitType": 0
        }
      },
      "Pressure": {
        "Metric": {
          "Value": 1010,
          "Unit": "mb",
          "UnitType": 14
        },
        "Imperial": {
          "Value": 29.83,
          "Unit": "inHg",
          "UnitType": 12
        }
      },
      "PressureTendency": {
        "LocalizedText": "Falling",
        "Code": "F"
      },
      "Past24HourTemperatureDeparture": {
        "Metric": {
          "Value": 0,
          "Unit": "C",
          "UnitType": 17
        },
        "Imperial": {
          "Value": 0,
          "Unit": "F",
          "UnitType": 18
        }
      },
      "ApparentTemperature": {
        "Metric": {
          "Value": 20.6,
          "Unit": "C",
          "UnitType": 17
        },
        "Imperial": {
          "Value": 69,
          "Unit": "F",
          "UnitType": 18
        }
      },
      "WindChillTemperature": {
        "Metric": {
          "Value": 21.1,
          "Unit": "C",
          "UnitType": 17
        },
        "Imperial": {
          "Value": 70,
          "Unit": "F",
          "UnitType": 18
        }
      },
      "WetBulbTemperature": {
        "Metric": {
          "Value": 11.5,
          "Unit": "C",
          "UnitType": 17
        },
        "Imperial": {
          "Value": 53,
          "Unit": "F",
          "UnitType": 18
        }
      },
      "Precip1hr": {
        "Metric": {
          "Value": 0,
          "Unit": "mm",
          "UnitType": 3
        },
        "Imperial": {
          "Value": 0,
          "Unit": "in",
          "UnitType": 1
        }
      },
      "PrecipitationSummary": {
        "Precipitation": {
          "Metric": {
            "Value": 0,
            "Unit": "mm",
            "UnitType": 3
          },
          "Imperial": {
            "Value": 0,
            "Unit": "in",
            "UnitType": 1
          }
        },
        "PastHour": {
          "Metric": {
            "Value": 0,
            "Unit": "mm",
            "UnitType": 3
          },
          "Imperial": {
            "Value": 0,
            "Unit": "in",
            "UnitType": 1
          }
        },
        "Past3Hours": {
          "Metric": {
            "Value": 0,
            "Unit": "mm",
            "UnitType": 3
          },
          "Imperial": {
            "Value": 0,
            "Unit": "in",
            "UnitType": 1
          }
        },
        "Past6Hours": {
          "Metric": {
            "Value": 0,
            "Unit": "mm",
            "UnitType": 3
          },
          "Imperial": {
            "Value": 0,
            "Unit": "in",
            "UnitType": 1
          }
        },
        "Past9Hours": {
          "Metric": {
            "Value": 0,
            "Unit": "mm",
            "UnitType": 3
          },
          "Imperial": {
            "Value": 0,
            "Unit": "in",
            "UnitType": 1
          }
        },
        "Past12Hours": {
          "Metric": {
            "Value": 0,
            "Unit": "mm",
            "UnitType": 3
          },
          "Imperial": {
            "Value": 0,
            "Unit": "in",
            "UnitType": 1
          }
        },
        "Past18Hours": {
          "Metric": {
            "Value": 0,
            "Unit": "mm",
            "UnitType": 3
          },
          "Imperial": {
            "Value": 0,
            "Unit": "in",
            "UnitType": 1
          }
        },
        "Past24Hours": {
          "Metric": {
            "Value": 0,
            "Unit": "mm",
            "UnitType": 3
          },
          "Imperial": {
            "Value": 0,
            "Unit": "in",
            "UnitType": 1
          }
        }
      },
      "TemperatureSummary": {
        "Past6HourRange": {
          "Minimum": {
            "Metric": {
              "Value": 17.2,
              "Unit": "C",
              "UnitType": 17
            },
            "Imperial": {
              "Value": 63,
              "Unit": "F",
              "UnitType": 18
            }
          },
          "Maximum": {
            "Metric": {
              "Value": 21.1,
              "Unit": "C",
              "UnitType": 17
            },
            "Imperial": {
              "Value": 70,
              "Unit": "F",
              "UnitType": 18
            }
          }
        },
        "Past12HourRange": {
          "Minimum": {
            "Metric": {
              "Value": 15.9,
              "Unit": "C",
              "UnitType": 17
            },
            "Imperial": {
              "Value": 61,
              "Unit": "F",
              "UnitType": 18
            }
          },
          "Maximum": {
            "Metric": {
              "Value": 21.1,
              "Unit": "C",
              "UnitType": 17
            },
            "Imperial": {
              "Value": 70,
              "Unit": "F",
              "UnitType": 18
            }
          }
        },
        "Past24HourRange": {
          "Minimum": {
            "Metric": {
              "Value": 15.7,
              "Unit": "C",
              "UnitType": 17
            },
            "Imperial": {
              "Value": 60,
              "Unit": "F",
              "UnitType": 18
            }
          },
          "Maximum": {
            "Metric": {
              "Value": 22.8,
              "Unit": "C",
              "UnitType": 17
            },
            "Imperial": {
              "Value": 73,
              "Unit": "F",
              "UnitType": 18
            }
          }
        }
      },
      "MobileLink": "http://m.accuweather.com/en/au/perth/26797/current-weather/26797?lang=en-us",
      "Link": "http://www.accuweather.com/en/au/perth/26797/current-weather/26797?lang=en-us"
    },
    {
      "LocalObservationDateTime": "2020-06-22T12:55:00+08:00",
      "EpochTime": 1592801700,
      "WeatherText": "Sunny",
      "WeatherIcon": 1,
      "HasPrecipitation": false,
      "PrecipitationType": null,
      "IsDayTime": true,
      "Temperature": {
        "Metric": {
          "Value": 20,
          "Unit": "C",
          "UnitType": 17
        },
        "Imperial": {
          "Value": 68,
          "Unit": "F",
          "UnitType": 18
        }
      },
      "RealFeelTemperature": {
        "Metric": {
          "Value": 19.4,
          "Unit": "C",
          "UnitType": 17
        },
        "Imperial": {
          "Value": 67,
          "Unit": "F",
          "UnitType": 18
        }
      },
      "RealFeelTemperatureShade": {
        "Metric": {
          "Value": 17.7,
          "Unit": "C",
          "UnitType": 17
        },
        "Imperial": {
          "Value": 64,
          "Unit": "F",
          "UnitType": 18
        }
      },
      "RelativeHumidity": 32,
      "IndoorRelativeHumidity": 32,
      "DewPoint": {
        "Metric": {
          "Value": 2.8,
          "Unit": "C",
          "UnitType": 17
        },
        "Imperial": {
          "Value": 37,
          "Unit": "F",
          "UnitType": 18
        }
      },
      "Wind": {
        "Direction": {
          "Degrees": 23,
          "Localized": "NNE",
          "English": "NNE"
        },
        "Speed": {
          "Metric": {
            "Value": 27.8,
            "Unit": "km/h",
            "UnitType": 7
          },
          "Imperial": {
            "Value": 17.3,
            "Unit": "mi/h",
            "UnitType": 9
          }
        }
      },
      "WindGust": {
        "Speed": {
          "Metric": {
            "Value": 27.8,
            "Unit": "km/h",
            "UnitType": 7
          },
          "Imperial": {
            "Value": 17.3,
            "Unit": "mi/h",
            "UnitType": 9
          }
        }
      },
      "UVIndex": 3,
      "UVIndexText": "Moderate",
      "Visibility": {
        "Metric": {
          "Value": 16.1,
          "Unit": "km",
          "UnitType": 6
        },
        "Imperial": {
          "Value": 10,
          "Unit": "mi",
          "UnitType": 2
        }
      },
      "ObstructionsToVisibility": "",
      "CloudCover": 0,
      "Ceiling": {
        "Metric": {
          "Value": 4267,
          "Unit": "m",
          "UnitType": 5
        },
        "Imperial": {
          "Value": 14000,
          "Unit": "ft",
          "UnitType": 0
        }
      },
      "Pressure": {
        "Metric": {
          "Value": 1011,
          "Unit": "mb",
          "UnitType": 14
        },
        "Imperial": {
          "Value": 29.85,
          "Unit": "inHg",
          "UnitType": 12
        }
      },
      "PressureTendency": {
        "LocalizedText": "Falling",
        "Code": "F"
      },
      "Past24HourTemperatureDeparture": {
        "Metric": {
          "Value": 0,
          "Unit": "C",
          "UnitType": 17
        },
        "Imperial": {
          "Value": 0,
          "Unit": "F",
          "UnitType": 18
        }
      },
      "ApparentTemperature": {
        "Metric": {
          "Value": 18.9,
          "Unit": "C",
          "UnitType": 17
        },
        "Imperial": {
          "Value": 66,
          "Unit": "F",
          "UnitType": 18
        }
      },
      "WindChillTemperature": {
        "Metric": {
          "Value": 20,
          "Unit": "C",
          "UnitType": 17
        },
        "Imperial": {
          "Value": 68,
          "Unit": "F",
          "UnitType": 18
        }
      },
      "WetBulbTemperature": {
        "Metric": {
          "Value": 11,
          "Unit": "C",
          "UnitType": 17
        },
        "Imperial": {
          "Value": 52,
          "Unit": "F",
          "UnitType": 18
        }
      },
      "Precip1hr": {
        "Metric": {
          "Value": 0,
          "Unit": "mm",
          "UnitType": 3
        },
        "Imperial": {
          "Value": 0,
          "Unit": "in",
          "UnitType": 1
        }
      },
      "PrecipitationSummary": {
        "Precipitation": {
          "Metric": {
            "Value": 0,
            "Unit": "mm",
            "UnitType": 3
          },
          "Imperial": {
            "Value": 0,
            "Unit": "in",
            "UnitType": 1
          }
        },
        "PastHour": {
          "Metric": {
            "Value": 0,
            "Unit": "mm",
            "UnitType": 3
          },
          "Imperial": {
            "Value": 0,
            "Unit": "in",
            "UnitType": 1
          }
        },
        "Past3Hours": {
          "Metric": {
            "Value": 0,
            "Unit": "mm",
            "UnitType": 3
          },
          "Imperial": {
            "Value": 0,
            "Unit": "in",
            "UnitType": 1
          }
        },
        "Past6Hours": {
          "Metric": {
            "Value": 0,
            "Unit": "mm",
            "UnitType": 3
          },
          "Imperial": {
            "Value": 0,
            "Unit": "in",
            "UnitType": 1
          }
        },
        "Past9Hours": {
          "Metric": {
            "Value": 0,
            "Unit": "mm",
            "UnitType": 3
          },
          "Imperial": {
            "Value": 0,
            "Unit": "in",
            "UnitType": 1
          }
        },
        "Past12Hours": {
          "Metric": {
            "Value": 0,
            "Unit": "mm",
            "UnitType": 3
          },
          "Imperial": {
            "Value": 0,
            "Unit": "in",
            "UnitType": 1
          }
        },
        "Past18Hours": {
          "Metric": {
            "Value": 0,
            "Unit": "mm",
            "UnitType": 3
          },
          "Imperial": {
            "Value": 0,
            "Unit": "in",
            "UnitType": 1
          }
        },
        "Past24Hours": {
          "Metric": {
            "Value": 0,
            "Unit": "mm",
            "UnitType": 3
          },
          "Imperial": {
            "Value": 0,
            "Unit": "in",
            "UnitType": 1
          }
        }
      },
      "TemperatureSummary": {
        "Past6HourRange": {
          "Minimum": {
            "Metric": {
              "Value": 17.2,
              "Unit": "C",
              "UnitType": 17
            },
            "Imperial": {
              "Value": 63,
              "Unit": "F",
              "UnitType": 18
            }
          },
          "Maximum": {
            "Metric": {
              "Value": 20,
              "Unit": "C",
              "UnitType": 17
            },
            "Imperial": {
              "Value": 68,
              "Unit": "F",
              "UnitType": 18
            }
          }
        },
        "Past12HourRange": {
          "Minimum": {
            "Metric": {
              "Value": 15.9,
              "Unit": "C",
              "UnitType": 17
            },
            "Imperial": {
              "Value": 61,
              "Unit": "F",
              "UnitType": 18
            }
          },
          "Maximum": {
            "Metric": {
              "Value": 20,
              "Unit": "C",
              "UnitType": 17
            },
            "Imperial": {
              "Value": 68,
              "Unit": "F",
              "UnitType": 18
            }
          }
        },
        "Past24HourRange": {
          "Minimum": {
            "Metric": {
              "Value": 15.7,
              "Unit": "C",
              "UnitType": 17
            },
            "Imperial": {
              "Value": 60,
              "Unit": "F",
              "UnitType": 18
            }
          },
          "Maximum": {
            "Metric": {
              "Value": 22.8,
              "Unit": "C",
              "UnitType": 17
            },
            "Imperial": {
              "Value": 73,
              "Unit": "F",
              "UnitType": 18
            }
          }
        }
      },
      "MobileLink": "http://m.accuweather.com/en/au/perth/26797/current-weather/26797?lang=en-us",
      "Link": "http://www.accuweather.com/en/au/perth/26797/current-weather/26797?lang=en-us"
    },
    {
      "LocalObservationDateTime": "2020-06-22T11:55:00+08:00",
      "EpochTime": 1592798100,
      "WeatherText": "Sunny",
      "WeatherIcon": 1,
      "HasPrecipitation": false,
      "PrecipitationType": null,
      "IsDayTime": true,
      "Temperature": {
        "Metric": {
          "Value": 21.1,
          "Unit": "C",
          "UnitType": 17
        },
        "Imperial": {
          "Value": 70,
          "Unit": "F",
          "UnitType": 18
        }
      },
      "RealFeelTemperature": {
        "Metric": {
          "Value": 20.1,
          "Unit": "C",
          "UnitType": 17
        },
        "Imperial": {
          "Value": 68,
          "Unit": "F",
          "UnitType": 18
        }
      },
      "RealFeelTemperatureShade": {
        "Metric": {
          "Value": 18.7,
          "Unit": "C",
          "UnitType": 17
        },
        "Imperial": {
          "Value": 66,
          "Unit": "F",
          "UnitType": 18
        }
      },
      "RelativeHumidity": 30,
      "IndoorRelativeHumidity": 30,
      "DewPoint": {
        "Metric": {
          "Value": 2.8,
          "Unit": "C",
          "UnitType": 17
        },
        "Imperial": {
          "Value": 37,
          "Unit": "F",
          "UnitType": 18
        }
      },
      "Wind": {
        "Direction": {
          "Degrees": 0,
          "Localized": "N",
          "English": "N"
        },
        "Speed": {
          "Metric": {
            "Value": 31.5,
            "Unit": "km/h",
            "UnitType": 7
          },
          "Imperial": {
            "Value": 19.6,
            "Unit": "mi/h",
            "UnitType": 9
          }
        }
      },
      "WindGust": {
        "Speed": {
          "Metric": {
            "Value": 31.5,
            "Unit": "km/h",
            "UnitType": 7
          },
          "Imperial": {
            "Value": 19.6,
            "Unit": "mi/h",
            "UnitType": 9
          }
        }
      },
      "UVIndex": 3,
      "UVIndexText": "Moderate",
      "Visibility": {
        "Metric": {
          "Value": 16.1,
          "Unit": "km",
          "UnitType": 6
        },
        "Imperial": {
          "Value": 10,
          "Unit": "mi",
          "UnitType": 2
        }
      },
      "ObstructionsToVisibility": "",
      "CloudCover": 0,
      "Ceiling": {
        "Metric": {
          "Value": 4389,
          "Unit": "m",
          "UnitType": 5
        },
        "Imperial": {
          "Value": 14400,
          "Unit": "ft",
          "UnitType": 0
        }
      },
      "Pressure": {
        "Metric": {
          "Value": 1013,
          "Unit": "mb",
          "UnitType": 14
        },
        "Imperial": {
          "Value": 29.91,
          "Unit": "inHg",
          "UnitType": 12
        }
      },
      "PressureTendency": {
        "LocalizedText": "Falling",
        "Code": "F"
      },
      "Past24HourTemperatureDeparture": {
        "Metric": {
          "Value": 2.2,
          "Unit": "C",
          "UnitType": 17
        },
        "Imperial": {
          "Value": 4,
          "Unit": "F",
          "UnitType": 18
        }
      },
      "ApparentTemperature": {
        "Metric": {
          "Value": 20.6,
          "Unit": "C",
          "UnitType": 17
        },
        "Imperial": {
          "Value": 69,
          "Unit": "F",
          "UnitType": 18
        }
      },
      "WindChillTemperature": {
        "Metric": {
          "Value": 21.1,
          "Unit": "C",
          "UnitType": 17
        },
        "Imperial": {
          "Value": 70,
          "Unit": "F",
          "UnitType": 18
        }
      },
      "WetBulbTemperature": {
        "Metric": {
          "Value": 11.5,
          "Unit": "C",
          "UnitType": 17
        },
        "Imperial": {
          "Value": 53,
          "Unit": "F",
          "UnitType": 18
        }
      },
      "Precip1hr": {
        "Metric": {
          "Value": 0,
          "Unit": "mm",
          "UnitType": 3
        },
        "Imperial": {
          "Value": 0,
          "Unit": "in",
          "UnitType": 1
        }
      },
      "PrecipitationSummary": {
        "Precipitation": {
          "Metric": {
            "Value": 0,
            "Unit": "mm",
            "UnitType": 3
          },
          "Imperial": {
            "Value": 0,
            "Unit": "in",
            "UnitType": 1
          }
        },
        "PastHour": {
          "Metric": {
            "Value": 0,
            "Unit": "mm",
            "UnitType": 3
          },
          "Imperial": {
            "Value": 0,
            "Unit": "in",
            "UnitType": 1
          }
        },
        "Past3Hours": {
          "Metric": {
            "Value": 0,
            "Unit": "mm",
            "UnitType": 3
          },
          "Imperial": {
            "Value": 0,
            "Unit": "in",
            "UnitType": 1
          }
        },
        "Past6Hours": {
          "Metric": {
            "Value": 0,
            "Unit": "mm",
            "UnitType": 3
          },
          "Imperial": {
            "Value": 0,
            "Unit": "in",
            "UnitType": 1
          }
        },
        "Past9Hours": {
          "Metric": {
            "Value": 0,
            "Unit": "mm",
            "UnitType": 3
          },
          "Imperial": {
            "Value": 0,
            "Unit": "in",
            "UnitType": 1
          }
        },
        "Past12Hours": {
          "Metric": {
            "Value": 0,
            "Unit": "mm",
            "UnitType": 3
          },
          "Imperial": {
            "Value": 0,
            "Unit": "in",
            "UnitType": 1
          }
        },
        "Past18Hours": {
          "Metric": {
            "Value": 0,
            "Unit": "mm",
            "UnitType": 3
          },
          "Imperial": {
            "Value": 0,
            "Unit": "in",
            "UnitType": 1
          }
        },
        "Past24Hours": {
          "Metric": {
            "Value": 0,
            "Unit": "mm",
            "UnitType": 3
          },
          "Imperial": {
            "Value": 0,
            "Unit": "in",
            "UnitType": 1
          }
        }
      },
      "TemperatureSummary": {
        "Past6HourRange": {
          "Minimum": {
            "Metric": {
              "Value": 17.2,
              "Unit": "C",
              "UnitType": 17
            },
            "Imperial": {
              "Value": 63,
              "Unit": "F",
              "UnitType": 18
            }
          },
          "Maximum": {
            "Metric": {
              "Value": 21.1,
              "Unit": "C",
              "UnitType": 17
            },
            "Imperial": {
              "Value": 70,
              "Unit": "F",
              "UnitType": 18
            }
          }
        },
        "Past12HourRange": {
          "Minimum": {
            "Metric": {
              "Value": 15.7,
              "Unit": "C",
              "UnitType": 17
            },
            "Imperial": {
              "Value": 60,
              "Unit": "F",
              "UnitType": 18
            }
          },
          "Maximum": {
            "Metric": {
              "Value": 21.1,
              "Unit": "C",
              "UnitType": 17
            },
            "Imperial": {
              "Value": 70,
              "Unit": "F",
              "UnitType": 18
            }
          }
        },
        "Past24HourRange": {
          "Minimum": {
            "Metric": {
              "Value": 12.5,
              "Unit": "C",
              "UnitType": 17
            },
            "Imperial": {
              "Value": 54,
              "Unit": "F",
              "UnitType": 18
            }
          },
          "Maximum": {
            "Metric": {
              "Value": 22.8,
              "Unit": "C",
              "UnitType": 17
            },
            "Imperial": {
              "Value": 73,
              "Unit": "F",
              "UnitType": 18
            }
          }
        }
      },
      "MobileLink": "http://m.accuweather.com/en/au/perth/26797/current-weather/26797?lang=en-us",
      "Link": "http://www.accuweather.com/en/au/perth/26797/current-weather/26797?lang=en-us"
    },
    {
      "LocalObservationDateTime": "2020-06-22T10:55:00+08:00",
      "EpochTime": 1592794500,
      "WeatherText": "Sunny",
      "WeatherIcon": 1,
      "HasPrecipitation": false,
      "PrecipitationType": null,
      "IsDayTime": true,
      "Temperature": {
        "Metric": {
          "Value": 20,
          "Unit": "C",
          "UnitType": 17
        },
        "Imperial": {
          "Value": 68,
          "Unit": "F",
          "UnitType": 18
        }
      },
      "RealFeelTemperature": {
        "Metric": {
          "Value": 19,
          "Unit": "C",
          "UnitType": 17
        },
        "Imperial": {
          "Value": 66,
          "Unit": "F",
          "UnitType": 18
        }
      },
      "RealFeelTemperatureShade": {
        "Metric": {
          "Value": 17.7,
          "Unit": "C",
          "UnitType": 17
        },
        "Imperial": {
          "Value": 64,
          "Unit": "F",
          "UnitType": 18
        }
      },
      "RelativeHumidity": 28,
      "IndoorRelativeHumidity": 42,
      "DewPoint": {
        "Metric": {
          "Value": 1.1,
          "Unit": "C",
          "UnitType": 17
        },
        "Imperial": {
          "Value": 34,
          "Unit": "F",
          "UnitType": 18
        }
      },
      "Wind": {
        "Direction": {
          "Degrees": 23,
          "Localized": "NNE",
          "English": "NNE"
        },
        "Speed": {
          "Metric": {
            "Value": 27.8,
            "Unit": "km/h",
            "UnitType": 7
          },
          "Imperial": {
            "Value": 17.3,
            "Unit": "mi/h",
            "UnitType": 9
          }
        }
      },
      "WindGust": {
        "Speed": {
          "Metric": {
            "Value": 27.8,
            "Unit": "km/h",
            "UnitType": 7
          },
          "Imperial": {
            "Value": 17.3,
            "Unit": "mi/h",
            "UnitType": 9
          }
        }
      },
      "UVIndex": 2,
      "UVIndexText": "Low",
      "Visibility": {
        "Metric": {
          "Value": 16.1,
          "Unit": "km",
          "UnitType": 6
        },
        "Imperial": {
          "Value": 10,
          "Unit": "mi",
          "UnitType": 2
        }
      },
      "ObstructionsToVisibility": "",
      "CloudCover": 0,
      "Ceiling": {
        "Metric": {
          "Value": 3078,
          "Unit": "m",
          "UnitType": 5
        },
        "Imperial": {
          "Value": 10100,
          "Unit": "ft",
          "UnitType": 0
        }
      },
      "Pressure": {
        "Metric": {
          "Value": 1013,
          "Unit": "mb",
          "UnitType": 14
        },
        "Imperial": {
          "Value": 29.91,
          "Unit": "inHg",
          "UnitType": 12
        }
      },
      "PressureTendency": {
        "LocalizedText": "Falling",
        "Code": "F"
      },
      "Past24HourTemperatureDeparture": {
        "Metric": {
          "Value": 2.2,
          "Unit": "C",
          "UnitType": 17
        },
        "Imperial": {
          "Value": 4,
          "Unit": "F",
          "UnitType": 18
        }
      },
      "ApparentTemperature": {
        "Metric": {
          "Value": 18.9,
          "Unit": "C",
          "UnitType": 17
        },
        "Imperial": {
          "Value": 66,
          "Unit": "F",
          "UnitType": 18
        }
      },
      "WindChillTemperature": {
        "Metric": {
          "Value": 20,
          "Unit": "C",
          "UnitType": 17
        },
        "Imperial": {
          "Value": 68,
          "Unit": "F",
          "UnitType": 18
        }
      },
      "WetBulbTemperature": {
        "Metric": {
          "Value": 10.5,
          "Unit": "C",
          "UnitType": 17
        },
        "Imperial": {
          "Value": 51,
          "Unit": "F",
          "UnitType": 18
        }
      },
      "Precip1hr": {
        "Metric": {
          "Value": 0,
          "Unit": "mm",
          "UnitType": 3
        },
        "Imperial": {
          "Value": 0,
          "Unit": "in",
          "UnitType": 1
        }
      },
      "PrecipitationSummary": {
        "Precipitation": {
          "Metric": {
            "Value": 0,
            "Unit": "mm",
            "UnitType": 3
          },
          "Imperial": {
            "Value": 0,
            "Unit": "in",
            "UnitType": 1
          }
        },
        "PastHour": {
          "Metric": {
            "Value": 0,
            "Unit": "mm",
            "UnitType": 3
          },
          "Imperial": {
            "Value": 0,
            "Unit": "in",
            "UnitType": 1
          }
        },
        "Past3Hours": {
          "Metric": {
            "Value": 0,
            "Unit": "mm",
            "UnitType": 3
          },
          "Imperial": {
            "Value": 0,
            "Unit": "in",
            "UnitType": 1
          }
        },
        "Past6Hours": {
          "Metric": {
            "Value": 0,
            "Unit": "mm",
            "UnitType": 3
          },
          "Imperial": {
            "Value": 0,
            "Unit": "in",
            "UnitType": 1
          }
        },
        "Past9Hours": {
          "Metric": {
            "Value": 0,
            "Unit": "mm",
            "UnitType": 3
          },
          "Imperial": {
            "Value": 0,
            "Unit": "in",
            "UnitType": 1
          }
        },
        "Past12Hours": {
          "Metric": {
            "Value": 0,
            "Unit": "mm",
            "UnitType": 3
          },
          "Imperial": {
            "Value": 0,
            "Unit": "in",
            "UnitType": 1
          }
        },
        "Past18Hours": {
          "Metric": {
            "Value": 0,
            "Unit": "mm",
            "UnitType": 3
          },
          "Imperial": {
            "Value": 0,
            "Unit": "in",
            "UnitType": 1
          }
        },
        "Past24Hours": {
          "Metric": {
            "Value": 0,
            "Unit": "mm",
            "UnitType": 3
          },
          "Imperial": {
            "Value": 0,
            "Unit": "in",
            "UnitType": 1
          }
        }
      },
      "TemperatureSummary": {
        "Past6HourRange": {
          "Minimum": {
            "Metric": {
              "Value": 17.2,
              "Unit": "C",
              "UnitType": 17
            },
            "Imperial": {
              "Value": 63,
              "Unit": "F",
              "UnitType": 18
            }
          },
          "Maximum": {
            "Metric": {
              "Value": 20,
              "Unit": "C",
              "UnitType": 17
            },
            "Imperial": {
              "Value": 68,
              "Unit": "F",
              "UnitType": 18
            }
          }
        },
        "Past12HourRange": {
          "Minimum": {
            "Metric": {
              "Value": 15.7,
              "Unit": "C",
              "UnitType": 17
            },
            "Imperial": {
              "Value": 60,
              "Unit": "F",
              "UnitType": 18
            }
          },
          "Maximum": {
            "Metric": {
              "Value": 20,
              "Unit": "C",
              "UnitType": 17
            },
            "Imperial": {
              "Value": 68,
              "Unit": "F",
              "UnitType": 18
            }
          }
        },
        "Past24HourRange": {
          "Minimum": {
            "Metric": {
              "Value": 11.6,
              "Unit": "C",
              "UnitType": 17
            },
            "Imperial": {
              "Value": 53,
              "Unit": "F",
              "UnitType": 18
            }
          },
          "Maximum": {
            "Metric": {
              "Value": 22.8,
              "Unit": "C",
              "UnitType": 17
            },
            "Imperial": {
              "Value": 73,
              "Unit": "F",
              "UnitType": 18
            }
          }
        }
      },
      "MobileLink": "http://m.accuweather.com/en/au/perth/26797/current-weather/26797?lang=en-us",
      "Link": "http://www.accuweather.com/en/au/perth/26797/current-weather/26797?lang=en-us"
    }
  ]
