{
  "Headline": {
    "EffectiveDate": "2020-06-21T07:00:00+08:00",
    "EffectiveEpochDate": 1592694000,
    "Severity": 4,
    "Text": "Pleasant Sunday",
    "Category": "mild",
    "EndDate": null,
    "EndEpochDate": null,
    "MobileLink": "http://m.accuweather.com/en/au/perth/26797/extended-weather-forecast/26797?lang=en-us",
    "Link": "http://www.accuweather.com/en/au/perth/26797/daily-weather-forecast/26797?lang=en-us"
  },
  "DailyForecasts": [
    {
      "Date": "2020-06-19T07:00:00+08:00",
      "EpochDate": 1592521200,
      "Sun": {
        "Rise": "2020-06-19T07:16:00+08:00",
        "EpochRise": 1592522160,
        "Set": "2020-06-19T17:20:00+08:00",
        "EpochSet": 1592558400
      },
      "Moon": {
        "Rise": "2020-06-19T05:07:00+08:00",
        "EpochRise": 1592514420,
        "Set": "2020-06-19T15:50:00+08:00",
        "EpochSet": 1592553000,
        "Phase": "WaningCrescent",
        "Age": 28
      },
      "Temperature": {
        "Minimum": {
          "Value": 47,
          "Unit": "F",
          "UnitType": 18
        },
        "Maximum": {
          "Value": 64,
          "Unit": "F",
          "UnitType": 18
        }
      },
      "RealFeelTemperature": {
        "Minimum": {
          "Value": 42,
          "Unit": "F",
          "UnitType": 18
        },
        "Maximum": {
          "Value": 68,
          "Unit": "F",
          "UnitType": 18
        }
      },
      "RealFeelTemperatureShade": {
        "Minimum": {
          "Value": 42,
          "Unit": "F",
          "UnitType": 18
        },
        "Maximum": {
          "Value": 64,
          "Unit": "F",
          "UnitType": 18
        }
      },
      "HoursOfSun": 7.2,
      "DegreeDaySummary": {
        "Heating": {
          "Value": 9,
          "Unit": "F",
          "UnitType": 18
        },
        "Cooling": {
          "Value": 0,
          "Unit": "F",
          "UnitType": 18
        }
      },
      "AirAndPollen": [
        {
          "Name": "AirQuality",
          "Value": 12,
          "Category": "Good",
          "CategoryValue": 1,
          "Type": "Ozone"
        },
        {
          "Name": "Grass",
          "Value": 0,
          "Category": "Low",
          "CategoryValue": 1
        },
        {
          "Name": "Mold",
          "Value": 0,
          "Category": "Low",
          "CategoryValue": 1
        },
        {
          "Name": "Ragweed",
          "Value": 0,
          "Category": "Low",
          "CategoryValue": 1
        },
        {
          "Name": "Tree",
          "Value": 0,
          "Category": "Low",
          "CategoryValue": 1
        },
        {
          "Name": "UVIndex",
          "Value": 3,
          "Category": "Moderate",
          "CategoryValue": 2
        }
      ],
      "Day": {
        "Icon": 3,
        "IconPhrase": "Partly sunny",
        "HasPrecipitation": false,
        "ShortPhrase": "Sun, some clouds",
        "LongPhrase": "Sunshine mixing with some clouds",
        "PrecipitationProbability": 1,
        "ThunderstormProbability": 0,
        "RainProbability": 1,
        "SnowProbability": 0,
        "IceProbability": 0,
        "Wind": {
          "Speed": {
            "Value": 5.8,
            "Unit": "mi/h",
            "UnitType": 9
          },
          "Direction": {
            "Degrees": 103,
            "Localized": "ESE",
            "English": "ESE"
          }
        },
        "WindGust": {
          "Speed": {
            "Value": 12.7,
            "Unit": "mi/h",
            "UnitType": 9
          },
          "Direction": {
            "Degrees": 60,
            "Localized": "ENE",
            "English": "ENE"
          }
        },
        "TotalLiquid": {
          "Value": 0,
          "Unit": "in",
          "UnitType": 1
        },
        "Rain": {
          "Value": 0,
          "Unit": "in",
          "UnitType": 1
        },
        "Snow": {
          "Value": 0,
          "Unit": "in",
          "UnitType": 1
        },
        "Ice": {
          "Value": 0,
          "Unit": "in",
          "UnitType": 1
        },
        "HoursOfPrecipitation": 0,
        "HoursOfRain": 0,
        "HoursOfSnow": 0,
        "HoursOfIce": 0,
        "CloudCover": 27
      },
      "Night": {
        "Icon": 33,
        "IconPhrase": "Clear",
        "HasPrecipitation": false,
        "ShortPhrase": "Clear",
        "LongPhrase": "Clear",
        "PrecipitationProbability": 0,
        "ThunderstormProbability": 0,
        "RainProbability": 0,
        "SnowProbability": 0,
        "IceProbability": 0,
        "Wind": {
          "Speed": {
            "Value": 6.9,
            "Unit": "mi/h",
            "UnitType": 9
          },
          "Direction": {
            "Degrees": 90,
            "Localized": "E",
            "English": "E"
          }
        },
        "WindGust": {
          "Speed": {
            "Value": 12.7,
            "Unit": "mi/h",
            "UnitType": 9
          },
          "Direction": {
            "Degrees": 76,
            "Localized": "ENE",
            "English": "ENE"
          }
        },
        "TotalLiquid": {
          "Value": 0,
          "Unit": "in",
          "UnitType": 1
        },
        "Rain": {
          "Value": 0,
          "Unit": "in",
          "UnitType": 1
        },
        "Snow": {
          "Value": 0,
          "Unit": "in",
          "UnitType": 1
        },
        "Ice": {
          "Value": 0,
          "Unit": "in",
          "UnitType": 1
        },
        "HoursOfPrecipitation": 0,
        "HoursOfRain": 0,
        "HoursOfSnow": 0,
        "HoursOfIce": 0,
        "CloudCover": 6
      },
      "Sources": [
        "AccuWeather"
      ],
      "MobileLink": "http://m.accuweather.com/en/au/perth/26797/daily-weather-forecast/26797?day=1&lang=en-us",
      "Link": "http://www.accuweather.com/en/au/perth/26797/daily-weather-forecast/26797?day=1&lang=en-us"
    },
    {
      "Date": "2020-06-20T07:00:00+08:00",
      "EpochDate": 1592607600,
      "Sun": {
        "Rise": "2020-06-20T07:16:00+08:00",
        "EpochRise": 1592608560,
        "Set": "2020-06-20T17:20:00+08:00",
        "EpochSet": 1592644800
      },
      "Moon": {
        "Rise": "2020-06-20T06:05:00+08:00",
        "EpochRise": 1592604300,
        "Set": "2020-06-20T16:32:00+08:00",
        "EpochSet": 1592641920,
        "Phase": "WaningCrescent",
        "Age": 29
      },
      "Temperature": {
        "Minimum": {
          "Value": 51,
          "Unit": "F",
          "UnitType": 18
        },
        "Maximum": {
          "Value": 67,
          "Unit": "F",
          "UnitType": 18
        }
      },
      "RealFeelTemperature": {
        "Minimum": {
          "Value": 48,
          "Unit": "F",
          "UnitType": 18
        },
        "Maximum": {
          "Value": 66,
          "Unit": "F",
          "UnitType": 18
        }
      },
      "RealFeelTemperatureShade": {
        "Minimum": {
          "Value": 48,
          "Unit": "F",
          "UnitType": 18
        },
        "Maximum": {
          "Value": 64,
          "Unit": "F",
          "UnitType": 18
        }
      },
      "HoursOfSun": 10,
      "DegreeDaySummary": {
        "Heating": {
          "Value": 6,
          "Unit": "F",
          "UnitType": 18
        },
        "Cooling": {
          "Value": 0,
          "Unit": "F",
          "UnitType": 18
        }
      },
      "AirAndPollen": [
        {
          "Name": "AirQuality",
          "Value": 16,
          "Category": "Good",
          "CategoryValue": 1,
          "Type": "Ozone"
        },
        {
          "Name": "Grass",
          "Value": 0,
          "Category": "Low",
          "CategoryValue": 1
        },
        {
          "Name": "Mold",
          "Value": 0,
          "Category": "Low",
          "CategoryValue": 1
        },
        {
          "Name": "Ragweed",
          "Value": 0,
          "Category": "Low",
          "CategoryValue": 1
        },
        {
          "Name": "Tree",
          "Value": 0,
          "Category": "Low",
          "CategoryValue": 1
        },
        {
          "Name": "UVIndex",
          "Value": 3,
          "Category": "Moderate",
          "CategoryValue": 2
        }
      ],
      "Day": {
        "Icon": 1,
        "IconPhrase": "Sunny",
        "HasPrecipitation": false,
        "ShortPhrase": "Plenty of sunshine",
        "LongPhrase": "Plenty of sunshine",
        "PrecipitationProbability": 0,
        "ThunderstormProbability": 0,
        "RainProbability": 0,
        "SnowProbability": 0,
        "IceProbability": 0,
        "Wind": {
          "Speed": {
            "Value": 10.4,
            "Unit": "mi/h",
            "UnitType": 9
          },
          "Direction": {
            "Degrees": 60,
            "Localized": "ENE",
            "English": "ENE"
          }
        },
        "WindGust": {
          "Speed": {
            "Value": 16.1,
            "Unit": "mi/h",
            "UnitType": 9
          },
          "Direction": {
            "Degrees": 56,
            "Localized": "NE",
            "English": "NE"
          }
        },
        "TotalLiquid": {
          "Value": 0,
          "Unit": "in",
          "UnitType": 1
        },
        "Rain": {
          "Value": 0,
          "Unit": "in",
          "UnitType": 1
        },
        "Snow": {
          "Value": 0,
          "Unit": "in",
          "UnitType": 1
        },
        "Ice": {
          "Value": 0,
          "Unit": "in",
          "UnitType": 1
        },
        "HoursOfPrecipitation": 0,
        "HoursOfRain": 0,
        "HoursOfSnow": 0,
        "HoursOfIce": 0,
        "CloudCover": 0
      },
      "Night": {
        "Icon": 33,
        "IconPhrase": "Clear",
        "HasPrecipitation": false,
        "ShortPhrase": "Clear",
        "LongPhrase": "Clear",
        "PrecipitationProbability": 1,
        "ThunderstormProbability": 0,
        "RainProbability": 1,
        "SnowProbability": 0,
        "IceProbability": 0,
        "Wind": {
          "Speed": {
            "Value": 8.1,
            "Unit": "mi/h",
            "UnitType": 9
          },
          "Direction": {
            "Degrees": 67,
            "Localized": "ENE",
            "English": "ENE"
          }
        },
        "WindGust": {
          "Speed": {
            "Value": 11.5,
            "Unit": "mi/h",
            "UnitType": 9
          },
          "Direction": {
            "Degrees": 68,
            "Localized": "ENE",
            "English": "ENE"
          }
        },
        "TotalLiquid": {
          "Value": 0,
          "Unit": "in",
          "UnitType": 1
        },
        "Rain": {
          "Value": 0,
          "Unit": "in",
          "UnitType": 1
        },
        "Snow": {
          "Value": 0,
          "Unit": "in",
          "UnitType": 1
        },
        "Ice": {
          "Value": 0,
          "Unit": "in",
          "UnitType": 1
        },
        "HoursOfPrecipitation": 0,
        "HoursOfRain": 0,
        "HoursOfSnow": 0,
        "HoursOfIce": 0,
        "CloudCover": 7
      },
      "Sources": [
        "AccuWeather"
      ],
      "MobileLink": "http://m.accuweather.com/en/au/perth/26797/daily-weather-forecast/26797?day=2&lang=en-us",
      "Link": "http://www.accuweather.com/en/au/perth/26797/daily-weather-forecast/26797?day=2&lang=en-us"
    },
    {
      "Date": "2020-06-21T07:00:00+08:00",
      "EpochDate": 1592694000,
      "Sun": {
        "Rise": "2020-06-21T07:17:00+08:00",
        "EpochRise": 1592695020,
        "Set": "2020-06-21T17:20:00+08:00",
        "EpochSet": 1592731200
      },
      "Moon": {
        "Rise": "2020-06-21T07:04:00+08:00",
        "EpochRise": 1592694240,
        "Set": "2020-06-21T17:20:00+08:00",
        "EpochSet": 1592731200,
        "Phase": "New",
        "Age": 0
      },
      "Temperature": {
        "Minimum": {
          "Value": 58,
          "Unit": "F",
          "UnitType": 18
        },
        "Maximum": {
          "Value": 72,
          "Unit": "F",
          "UnitType": 18
        }
      },
      "RealFeelTemperature": {
        "Minimum": {
          "Value": 55,
          "Unit": "F",
          "UnitType": 18
        },
        "Maximum": {
          "Value": 72,
          "Unit": "F",
          "UnitType": 18
        }
      },
      "RealFeelTemperatureShade": {
        "Minimum": {
          "Value": 55,
          "Unit": "F",
          "UnitType": 18
        },
        "Maximum": {
          "Value": 69,
          "Unit": "F",
          "UnitType": 18
        }
      },
      "HoursOfSun": 9.4,
      "DegreeDaySummary": {
        "Heating": {
          "Value": 0,
          "Unit": "F",
          "UnitType": 18
        },
        "Cooling": {
          "Value": 0,
          "Unit": "F",
          "UnitType": 18
        }
      },
      "AirAndPollen": [
        {
          "Name": "AirQuality",
          "Value": 14,
          "Category": "Good",
          "CategoryValue": 1,
          "Type": "Ozone"
        },
        {
          "Name": "Grass",
          "Value": 0,
          "Category": "Low",
          "CategoryValue": 1
        },
        {
          "Name": "Mold",
          "Value": 0,
          "Category": "Low",
          "CategoryValue": 1
        },
        {
          "Name": "Ragweed",
          "Value": 0,
          "Category": "Low",
          "CategoryValue": 1
        },
        {
          "Name": "Tree",
          "Value": 0,
          "Category": "Low",
          "CategoryValue": 1
        },
        {
          "Name": "UVIndex",
          "Value": 3,
          "Category": "Moderate",
          "CategoryValue": 2
        }
      ],
      "Day": {
        "Icon": 1,
        "IconPhrase": "Sunny",
        "HasPrecipitation": false,
        "ShortPhrase": "Pleasant with sunshine",
        "LongPhrase": "Pleasant with sunshine",
        "PrecipitationProbability": 1,
        "ThunderstormProbability": 0,
        "RainProbability": 1,
        "SnowProbability": 0,
        "IceProbability": 0,
        "Wind": {
          "Speed": {
            "Value": 9.2,
            "Unit": "mi/h",
            "UnitType": 9
          },
          "Direction": {
            "Degrees": 49,
            "Localized": "NE",
            "English": "NE"
          }
        },
        "WindGust": {
          "Speed": {
            "Value": 13.8,
            "Unit": "mi/h",
            "UnitType": 9
          },
          "Direction": {
            "Degrees": 45,
            "Localized": "NE",
            "English": "NE"
          }
        },
        "TotalLiquid": {
          "Value": 0,
          "Unit": "in",
          "UnitType": 1
        },
        "Rain": {
          "Value": 0,
          "Unit": "in",
          "UnitType": 1
        },
        "Snow": {
          "Value": 0,
          "Unit": "in",
          "UnitType": 1
        },
        "Ice": {
          "Value": 0,
          "Unit": "in",
          "UnitType": 1
        },
        "HoursOfPrecipitation": 0,
        "HoursOfRain": 0,
        "HoursOfSnow": 0,
        "HoursOfIce": 0,
        "CloudCover": 5
      },
      "Night": {
        "Icon": 34,
        "IconPhrase": "Mostly clear",
        "HasPrecipitation": false,
        "ShortPhrase": "Mainly clear",
        "LongPhrase": "Mainly clear",
        "PrecipitationProbability": 1,
        "ThunderstormProbability": 0,
        "RainProbability": 1,
        "SnowProbability": 0,
        "IceProbability": 0,
        "Wind": {
          "Speed": {
            "Value": 11.5,
            "Unit": "mi/h",
            "UnitType": 9
          },
          "Direction": {
            "Degrees": 42,
            "Localized": "NE",
            "English": "NE"
          }
        },
        "WindGust": {
          "Speed": {
            "Value": 17.3,
            "Unit": "mi/h",
            "UnitType": 9
          },
          "Direction": {
            "Degrees": 35,
            "Localized": "NE",
            "English": "NE"
          }
        },
        "TotalLiquid": {
          "Value": 0,
          "Unit": "in",
          "UnitType": 1
        },
        "Rain": {
          "Value": 0,
          "Unit": "in",
          "UnitType": 1
        },
        "Snow": {
          "Value": 0,
          "Unit": "in",
          "UnitType": 1
        },
        "Ice": {
          "Value": 0,
          "Unit": "in",
          "UnitType": 1
        },
        "HoursOfPrecipitation": 0,
        "HoursOfRain": 0,
        "HoursOfSnow": 0,
        "HoursOfIce": 0,
        "CloudCover": 11
      },
      "Sources": [
        "AccuWeather"
      ],
      "MobileLink": "http://m.accuweather.com/en/au/perth/26797/daily-weather-forecast/26797?day=3&lang=en-us",
      "Link": "http://www.accuweather.com/en/au/perth/26797/daily-weather-forecast/26797?day=3&lang=en-us"
    },
    {
      "Date": "2020-06-22T07:00:00+08:00",
      "EpochDate": 1592780400,
      "Sun": {
        "Rise": "2020-06-22T07:17:00+08:00",
        "EpochRise": 1592781420,
        "Set": "2020-06-22T17:20:00+08:00",
        "EpochSet": 1592817600
      },
      "Moon": {
        "Rise": "2020-06-22T08:02:00+08:00",
        "EpochRise": 1592784120,
        "Set": "2020-06-22T18:14:00+08:00",
        "EpochSet": 1592820840,
        "Phase": "WaxingCrescent",
        "Age": 1
      },
      "Temperature": {
        "Minimum": { "Value": 59.0, "Unit": "F", "UnitType": 18 },
        "Maximum": { "Value": 71.0, "Unit": "F", "UnitType": 18 }
      },
      "RealFeelTemperature": {
        "Minimum": { "Value": 52.0, "Unit": "F", "UnitType": 18 },
        "Maximum": { "Value": 69.0, "Unit": "F", "UnitType": 18 }
      },
      "RealFeelTemperatureShade": {
        "Minimum": { "Value": 52.0, "Unit": "F", "UnitType": 18 },
        "Maximum": { "Value": 67.0, "Unit": "F", "UnitType": 18 }
      },
      "HoursOfSun": 6.7,
      "DegreeDaySummary": {
        "Heating": { "Value": 0.0, "Unit": "F", "UnitType": 18 },
        "Cooling": { "Value": 0.0, "Unit": "F", "UnitType": 18 }
      },
      "AirAndPollen": [
        {
          "Name": "AirQuality",
          "Value": 24,
          "Category": "Good",
          "CategoryValue": 1,
          "Type": "Particle Pollution"
        },
        { "Name": "Grass", "Value": 0, "Category": "Low", "CategoryValue": 1 },
        { "Name": "Mold", "Value": 0, "Category": "Low", "CategoryValue": 1 },
        {
          "Name": "Ragweed",
          "Value": 0,
          "Category": "Low",
          "CategoryValue": 1
        },
        { "Name": "Tree", "Value": 0, "Category": "Low", "CategoryValue": 1 },
        {
          "Name": "UVIndex",
          "Value": 3,
          "Category": "Moderate",
          "CategoryValue": 2
        }
      ],
      "Day": {
        "Icon": 13,
        "IconPhrase": "Mostly cloudy w/ showers",
        "HasPrecipitation": true,
        "PrecipitationType": "Rain",
        "PrecipitationIntensity": "Moderate",
        "ShortPhrase": "Turning cloudy, p.m. rain",
        "LongPhrase": "Increasing clouds and breezy; periods of rain late this afternoon",
        "PrecipitationProbability": 67,
        "ThunderstormProbability": 0,
        "RainProbability": 67,
        "SnowProbability": 0,
        "IceProbability": 0,
        "Wind": {
          "Speed": { "Value": 16.1, "Unit": "mi/h", "UnitType": 9 },
          "Direction": { "Degrees": 4, "Localized": "N", "English": "N" }
        },
        "WindGust": {
          "Speed": { "Value": 36.8, "Unit": "mi/h", "UnitType": 9 },
          "Direction": { "Degrees": 20, "Localized": "NNE", "English": "NNE" }
        },
        "TotalLiquid": { "Value": 0.18, "Unit": "in", "UnitType": 1 },
        "Rain": { "Value": 0.18, "Unit": "in", "UnitType": 1 },
        "Snow": { "Value": 0.0, "Unit": "in", "UnitType": 1 },
        "Ice": { "Value": 0.0, "Unit": "in", "UnitType": 1 },
        "HoursOfPrecipitation": 3.0,
        "HoursOfRain": 3.0,
        "HoursOfSnow": 0.0,
        "HoursOfIce": 0.0,
        "CloudCover": 43
      },
      "Night": {
        "Icon": 12,
        "IconPhrase": "Showers",
        "HasPrecipitation": true,
        "PrecipitationType": "Rain",
        "PrecipitationIntensity": "Light",
        "ShortPhrase": "Windy this evening with rain",
        "LongPhrase": "Windy this evening with periods of rain; mostly cloudy",
        "PrecipitationProbability": 67,
        "ThunderstormProbability": 0,
        "RainProbability": 67,
        "SnowProbability": 0,
        "IceProbability": 0,
        "Wind": {
          "Speed": { "Value": 15.0, "Unit": "mi/h", "UnitType": 9 },
          "Direction": { "Degrees": 277, "Localized": "W", "English": "W" }
        },
        "WindGust": {
          "Speed": { "Value": 24.2, "Unit": "mi/h", "UnitType": 9 },
          "Direction": { "Degrees": 6, "Localized": "N", "English": "N" }
        },
        "TotalLiquid": { "Value": 0.18, "Unit": "in", "UnitType": 1 },
        "Rain": { "Value": 0.18, "Unit": "in", "UnitType": 1 },
        "Snow": { "Value": 0.0, "Unit": "in", "UnitType": 1 },
        "Ice": { "Value": 0.0, "Unit": "in", "UnitType": 1 },
        "HoursOfPrecipitation": 2.0,
        "HoursOfRain": 2.0,
        "HoursOfSnow": 0.0,
        "HoursOfIce": 0.0,
        "CloudCover": 50
      },
      "Sources": ["AccuWeather"],
      "MobileLink": "http://m.accuweather.com/en/au/perth/26797/daily-weather-forecast/26797?day=1&lang=en-us",
      "Link": "http://www.accuweather.com/en/au/perth/26797/daily-weather-forecast/26797?day=1&lang=en-us"
    },
    {
      "Date": "2020-06-23T07:00:00+08:00",
      "EpochDate": 1592866800,
      "Sun": {
        "Rise": "2020-06-23T07:17:00+08:00",
        "EpochRise": 1592867820,
        "Set": "2020-06-23T17:21:00+08:00",
        "EpochSet": 1592904060
      },
      "Moon": {
        "Rise": "2020-06-23T08:57:00+08:00",
        "EpochRise": 1592873820,
        "Set": "2020-06-23T19:15:00+08:00",
        "EpochSet": 1592910900,
        "Phase": "WaxingCrescent",
        "Age": 2
      },
      "Temperature": {
        "Minimum": { "Value": 52.0, "Unit": "F", "UnitType": 18 },
        "Maximum": { "Value": 67.0, "Unit": "F", "UnitType": 18 }
      },
      "RealFeelTemperature": {
        "Minimum": { "Value": 53.0, "Unit": "F", "UnitType": 18 },
        "Maximum": { "Value": 65.0, "Unit": "F", "UnitType": 18 }
      },
      "RealFeelTemperatureShade": {
        "Minimum": { "Value": 53.0, "Unit": "F", "UnitType": 18 },
        "Maximum": { "Value": 62.0, "Unit": "F", "UnitType": 18 }
      },
      "HoursOfSun": 5.4,
      "DegreeDaySummary": {
        "Heating": { "Value": 5.0, "Unit": "F", "UnitType": 18 },
        "Cooling": { "Value": 0.0, "Unit": "F", "UnitType": 18 }
      },
      "AirAndPollen": [
        {
          "Name": "AirQuality",
          "Value": 23,
          "Category": "Good",
          "CategoryValue": 1,
          "Type": "Ozone"
        },
        { "Name": "Grass", "Value": 0, "Category": "Low", "CategoryValue": 1 },
        { "Name": "Mold", "Value": 0, "Category": "Low", "CategoryValue": 1 },
        {
          "Name": "Ragweed",
          "Value": 0,
          "Category": "Low",
          "CategoryValue": 1
        },
        { "Name": "Tree", "Value": 0, "Category": "Low", "CategoryValue": 1 },
        {
          "Name": "UVIndex",
          "Value": 3,
          "Category": "Moderate",
          "CategoryValue": 2
        }
      ],
      "Day": {
        "Icon": 4,
        "IconPhrase": "Intermittent clouds",
        "HasPrecipitation": true,
        "PrecipitationType": "Rain",
        "PrecipitationIntensity": "Light",
        "ShortPhrase": "A morning shower in places",
        "LongPhrase": "A morning shower in spots; otherwise, intervals of clouds and sun",
        "PrecipitationProbability": 58,
        "ThunderstormProbability": 20,
        "RainProbability": 58,
        "SnowProbability": 0,
        "IceProbability": 0,
        "Wind": {
          "Speed": { "Value": 11.5, "Unit": "mi/h", "UnitType": 9 },
          "Direction": { "Degrees": 262, "Localized": "W", "English": "W" }
        },
        "WindGust": {
          "Speed": { "Value": 18.4, "Unit": "mi/h", "UnitType": 9 },
          "Direction": { "Degrees": 262, "Localized": "W", "English": "W" }
        },
        "TotalLiquid": { "Value": 0.06, "Unit": "in", "UnitType": 1 },
        "Rain": { "Value": 0.06, "Unit": "in", "UnitType": 1 },
        "Snow": { "Value": 0.0, "Unit": "in", "UnitType": 1 },
        "Ice": { "Value": 0.0, "Unit": "in", "UnitType": 1 },
        "HoursOfPrecipitation": 1.0,
        "HoursOfRain": 1.0,
        "HoursOfSnow": 0.0,
        "HoursOfIce": 0.0,
        "CloudCover": 54
      },
      "Night": {
        "Icon": 36,
        "IconPhrase": "Intermittent clouds",
        "HasPrecipitation": false,
        "ShortPhrase": "Partly cloudy",
        "LongPhrase": "Partly cloudy",
        "PrecipitationProbability": 5,
        "ThunderstormProbability": 0,
        "RainProbability": 5,
        "SnowProbability": 0,
        "IceProbability": 0,
        "Wind": {
          "Speed": { "Value": 4.6, "Unit": "mi/h", "UnitType": 9 },
          "Direction": { "Degrees": 208, "Localized": "SSW", "English": "SSW" }
        },
        "WindGust": {
          "Speed": { "Value": 11.5, "Unit": "mi/h", "UnitType": 9 },
          "Direction": { "Degrees": 260, "Localized": "W", "English": "W" }
        },
        "TotalLiquid": { "Value": 0.0, "Unit": "in", "UnitType": 1 },
        "Rain": { "Value": 0.0, "Unit": "in", "UnitType": 1 },
        "Snow": { "Value": 0.0, "Unit": "in", "UnitType": 1 },
        "Ice": { "Value": 0.0, "Unit": "in", "UnitType": 1 },
        "HoursOfPrecipitation": 0.0,
        "HoursOfRain": 0.0,
        "HoursOfSnow": 0.0,
        "HoursOfIce": 0.0,
        "CloudCover": 55
      },
      "Sources": ["AccuWeather"],
      "MobileLink": "http://m.accuweather.com/en/au/perth/26797/daily-weather-forecast/26797?day=2&lang=en-us",
      "Link": "http://www.accuweather.com/en/au/perth/26797/daily-weather-forecast/26797?day=2&lang=en-us"
    },
    {
      "Date": "2020-06-24T07:00:00+08:00",
      "EpochDate": 1592953200,
      "Sun": {
        "Rise": "2020-06-24T07:17:00+08:00",
        "EpochRise": 1592954220,
        "Set": "2020-06-24T17:21:00+08:00",
        "EpochSet": 1592990460
      },
      "Moon": {
        "Rise": "2020-06-24T09:47:00+08:00",
        "EpochRise": 1592963220,
        "Set": "2020-06-24T20:18:00+08:00",
        "EpochSet": 1593001080,
        "Phase": "WaxingCrescent",
        "Age": 3
      },
      "Temperature": {
        "Minimum": { "Value": 48.0, "Unit": "F", "UnitType": 18 },
        "Maximum": { "Value": 66.0, "Unit": "F", "UnitType": 18 }
      },
      "RealFeelTemperature": {
        "Minimum": { "Value": 47.0, "Unit": "F", "UnitType": 18 },
        "Maximum": { "Value": 68.0, "Unit": "F", "UnitType": 18 }
      },
      "RealFeelTemperatureShade": {
        "Minimum": { "Value": 47.0, "Unit": "F", "UnitType": 18 },
        "Maximum": { "Value": 64.0, "Unit": "F", "UnitType": 18 }
      },
      "HoursOfSun": 4.8,
      "DegreeDaySummary": {
        "Heating": { "Value": 8.0, "Unit": "F", "UnitType": 18 },
        "Cooling": { "Value": 0.0, "Unit": "F", "UnitType": 18 }
      },
      "AirAndPollen": [
        {
          "Name": "AirQuality",
          "Value": 24,
          "Category": "Good",
          "CategoryValue": 1,
          "Type": "Particle Pollution"
        },
        { "Name": "Grass", "Value": 0, "Category": "Low", "CategoryValue": 1 },
        { "Name": "Mold", "Value": 0, "Category": "Low", "CategoryValue": 1 },
        {
          "Name": "Ragweed",
          "Value": 0,
          "Category": "Low",
          "CategoryValue": 1
        },
        { "Name": "Tree", "Value": 0, "Category": "Low", "CategoryValue": 1 },
        {
          "Name": "UVIndex",
          "Value": 3,
          "Category": "Moderate",
          "CategoryValue": 2
        }
      ],
      "Day": {
        "Icon": 4,
        "IconPhrase": "Intermittent clouds",
        "HasPrecipitation": false,
        "ShortPhrase": "Intervals of clouds and sun",
        "LongPhrase": "Intervals of clouds and sun",
        "PrecipitationProbability": 2,
        "ThunderstormProbability": 0,
        "RainProbability": 2,
        "SnowProbability": 0,
        "IceProbability": 0,
        "Wind": {
          "Speed": { "Value": 5.8, "Unit": "mi/h", "UnitType": 9 },
          "Direction": { "Degrees": 222, "Localized": "SW", "English": "SW" }
        },
        "WindGust": {
          "Speed": { "Value": 10.4, "Unit": "mi/h", "UnitType": 9 },
          "Direction": { "Degrees": 218, "Localized": "SW", "English": "SW" }
        },
        "TotalLiquid": { "Value": 0.0, "Unit": "in", "UnitType": 1 },
        "Rain": { "Value": 0.0, "Unit": "in", "UnitType": 1 },
        "Snow": { "Value": 0.0, "Unit": "in", "UnitType": 1 },
        "Ice": { "Value": 0.0, "Unit": "in", "UnitType": 1 },
        "HoursOfPrecipitation": 0.0,
        "HoursOfRain": 0.0,
        "HoursOfSnow": 0.0,
        "HoursOfIce": 0.0,
        "CloudCover": 54
      },
      "Night": {
        "Icon": 35,
        "IconPhrase": "Partly cloudy",
        "HasPrecipitation": false,
        "ShortPhrase": "Partly cloudy",
        "LongPhrase": "Partly cloudy",
        "PrecipitationProbability": 0,
        "ThunderstormProbability": 0,
        "RainProbability": 0,
        "SnowProbability": 0,
        "IceProbability": 0,
        "Wind": {
          "Speed": { "Value": 4.6, "Unit": "mi/h", "UnitType": 9 },
          "Direction": { "Degrees": 111, "Localized": "ESE", "English": "ESE" }
        },
        "WindGust": {
          "Speed": { "Value": 8.1, "Unit": "mi/h", "UnitType": 9 },
          "Direction": { "Degrees": 181, "Localized": "S", "English": "S" }
        },
        "TotalLiquid": { "Value": 0.0, "Unit": "in", "UnitType": 1 },
        "Rain": { "Value": 0.0, "Unit": "in", "UnitType": 1 },
        "Snow": { "Value": 0.0, "Unit": "in", "UnitType": 1 },
        "Ice": { "Value": 0.0, "Unit": "in", "UnitType": 1 },
        "HoursOfPrecipitation": 0.0,
        "HoursOfRain": 0.0,
        "HoursOfSnow": 0.0,
        "HoursOfIce": 0.0,
        "CloudCover": 35
      },
      "Sources": ["AccuWeather"],
      "MobileLink": "http://m.accuweather.com/en/au/perth/26797/daily-weather-forecast/26797?day=3&lang=en-us",
      "Link": "http://www.accuweather.com/en/au/perth/26797/daily-weather-forecast/26797?day=3&lang=en-us"
    },
    {
      "Date": "2020-06-25T07:00:00+08:00",
      "EpochDate": 1593039600,
      "Sun": {
        "Rise": "2020-06-25T07:17:00+08:00",
        "EpochRise": 1593040620,
        "Set": "2020-06-25T17:21:00+08:00",
        "EpochSet": 1593076860
      },
      "Moon": {
        "Rise": "2020-06-25T10:31:00+08:00",
        "EpochRise": 1593052260,
        "Set": "2020-06-25T21:24:00+08:00",
        "EpochSet": 1593091440,
        "Phase": "WaxingCrescent",
        "Age": 4
      },
      "Temperature": {
        "Minimum": { "Value": 52.0, "Unit": "F", "UnitType": 18 },
        "Maximum": { "Value": 68.0, "Unit": "F", "UnitType": 18 }
      },
      "RealFeelTemperature": {
        "Minimum": { "Value": 50.0, "Unit": "F", "UnitType": 18 },
        "Maximum": { "Value": 68.0, "Unit": "F", "UnitType": 18 }
      },
      "RealFeelTemperatureShade": {
        "Minimum": { "Value": 50.0, "Unit": "F", "UnitType": 18 },
        "Maximum": { "Value": 65.0, "Unit": "F", "UnitType": 18 }
      },
      "HoursOfSun": 7.3,
      "DegreeDaySummary": {
        "Heating": { "Value": 5.0, "Unit": "F", "UnitType": 18 },
        "Cooling": { "Value": 0.0, "Unit": "F", "UnitType": 18 }
      },
      "AirAndPollen": [
        {
          "Name": "AirQuality",
          "Value": 18,
          "Category": "Good",
          "CategoryValue": 1,
          "Type": "Ozone"
        },
        { "Name": "Grass", "Value": 0, "Category": "Low", "CategoryValue": 1 },
        { "Name": "Mold", "Value": 0, "Category": "Low", "CategoryValue": 1 },
        {
          "Name": "Ragweed",
          "Value": 0,
          "Category": "Low",
          "CategoryValue": 1
        },
        { "Name": "Tree", "Value": 0, "Category": "Low", "CategoryValue": 1 },
        {
          "Name": "UVIndex",
          "Value": 3,
          "Category": "Moderate",
          "CategoryValue": 2
        }
      ],
      "Day": {
        "Icon": 2,
        "IconPhrase": "Mostly sunny",
        "HasPrecipitation": false,
        "ShortPhrase": "Sunshine and patchy clouds",
        "LongPhrase": "Sunshine and patchy clouds",
        "PrecipitationProbability": 2,
        "ThunderstormProbability": 0,
        "RainProbability": 1,
        "SnowProbability": 0,
        "IceProbability": 0,
        "Wind": {
          "Speed": { "Value": 6.9, "Unit": "mi/h", "UnitType": 9 },
          "Direction": { "Degrees": 340, "Localized": "NNW", "English": "NNW" }
        },
        "WindGust": {
          "Speed": { "Value": 10.4, "Unit": "mi/h", "UnitType": 9 },
          "Direction": { "Degrees": 303, "Localized": "WNW", "English": "WNW" }
        },
        "TotalLiquid": { "Value": 0.0, "Unit": "in", "UnitType": 1 },
        "Rain": { "Value": 0.0, "Unit": "in", "UnitType": 1 },
        "Snow": { "Value": 0.0, "Unit": "in", "UnitType": 1 },
        "Ice": { "Value": 0.0, "Unit": "in", "UnitType": 1 },
        "HoursOfPrecipitation": 0.0,
        "HoursOfRain": 0.0,
        "HoursOfSnow": 0.0,
        "HoursOfIce": 0.0,
        "CloudCover": 28
      },
      "Night": {
        "Icon": 35,
        "IconPhrase": "Partly cloudy",
        "HasPrecipitation": false,
        "ShortPhrase": "Partly cloudy",
        "LongPhrase": "Partly cloudy",
        "PrecipitationProbability": 25,
        "ThunderstormProbability": 0,
        "RainProbability": 25,
        "SnowProbability": 0,
        "IceProbability": 0,
        "Wind": {
          "Speed": { "Value": 5.8, "Unit": "mi/h", "UnitType": 9 },
          "Direction": { "Degrees": 355, "Localized": "N", "English": "N" }
        },
        "WindGust": {
          "Speed": { "Value": 8.1, "Unit": "mi/h", "UnitType": 9 },
          "Direction": { "Degrees": 112, "Localized": "ESE", "English": "ESE" }
        },
        "TotalLiquid": { "Value": 0.0, "Unit": "in", "UnitType": 1 },
        "Rain": { "Value": 0.0, "Unit": "in", "UnitType": 1 },
        "Snow": { "Value": 0.0, "Unit": "in", "UnitType": 1 },
        "Ice": { "Value": 0.0, "Unit": "in", "UnitType": 1 },
        "HoursOfPrecipitation": 0.0,
        "HoursOfRain": 0.0,
        "HoursOfSnow": 0.0,
        "HoursOfIce": 0.0,
        "CloudCover": 32
      },
      "Sources": ["AccuWeather"],
      "MobileLink": "http://m.accuweather.com/en/au/perth/26797/daily-weather-forecast/26797?day=4&lang=en-us",
      "Link": "http://www.accuweather.com/en/au/perth/26797/daily-weather-forecast/26797?day=4&lang=en-us"
    },
    {
      "Date": "2020-06-26T07:00:00+08:00",
      "EpochDate": 1593126000,
      "Sun": {
        "Rise": "2020-06-26T07:17:00+08:00",
        "EpochRise": 1593127020,
        "Set": "2020-06-26T17:22:00+08:00",
        "EpochSet": 1593163320
      },
      "Moon": {
        "Rise": "2020-06-26T11:12:00+08:00",
        "EpochRise": 1593141120,
        "Set": "2020-06-26T22:29:00+08:00",
        "EpochSet": 1593181740,
        "Phase": "WaxingCrescent",
        "Age": 5
      },
      "Temperature": {
        "Minimum": { "Value": 53.0, "Unit": "F", "UnitType": 18 },
        "Maximum": { "Value": 66.0, "Unit": "F", "UnitType": 18 }
      },
      "RealFeelTemperature": {
        "Minimum": { "Value": 51.0, "Unit": "F", "UnitType": 18 },
        "Maximum": { "Value": 65.0, "Unit": "F", "UnitType": 18 }
      },
      "RealFeelTemperatureShade": {
        "Minimum": { "Value": 51.0, "Unit": "F", "UnitType": 18 },
        "Maximum": { "Value": 64.0, "Unit": "F", "UnitType": 18 }
      },
      "HoursOfSun": 5.2,
      "DegreeDaySummary": {
        "Heating": { "Value": 6.0, "Unit": "F", "UnitType": 18 },
        "Cooling": { "Value": 0.0, "Unit": "F", "UnitType": 18 }
      },
      "AirAndPollen": [
        {
          "Name": "AirQuality",
          "Value": 0,
          "Category": "Good",
          "CategoryValue": 1,
          "Type": "Ozone"
        },
        { "Name": "Grass", "Value": 0, "Category": "Low", "CategoryValue": 1 },
        { "Name": "Mold", "Value": 0, "Category": "Low", "CategoryValue": 1 },
        {
          "Name": "Ragweed",
          "Value": 0,
          "Category": "Low",
          "CategoryValue": 1
        },
        { "Name": "Tree", "Value": 0, "Category": "Low", "CategoryValue": 1 },
        {
          "Name": "UVIndex",
          "Value": 3,
          "Category": "Moderate",
          "CategoryValue": 2
        }
      ],
      "Day": {
        "Icon": 4,
        "IconPhrase": "Intermittent clouds",
        "HasPrecipitation": false,
        "ShortPhrase": "Times of clouds and sun",
        "LongPhrase": "Intervals of clouds and sunshine",
        "PrecipitationProbability": 25,
        "ThunderstormProbability": 2,
        "RainProbability": 25,
        "SnowProbability": 0,
        "IceProbability": 0,
        "Wind": {
          "Speed": { "Value": 6.9, "Unit": "mi/h", "UnitType": 9 },
          "Direction": { "Degrees": 319, "Localized": "NW", "English": "NW" }
        },
        "WindGust": {
          "Speed": { "Value": 12.7, "Unit": "mi/h", "UnitType": 9 },
          "Direction": { "Degrees": 285, "Localized": "WNW", "English": "WNW" }
        },
        "TotalLiquid": { "Value": 0.0, "Unit": "in", "UnitType": 1 },
        "Rain": { "Value": 0.0, "Unit": "in", "UnitType": 1 },
        "Snow": { "Value": 0.0, "Unit": "in", "UnitType": 1 },
        "Ice": { "Value": 0.0, "Unit": "in", "UnitType": 1 },
        "HoursOfPrecipitation": 0.0,
        "HoursOfRain": 0.0,
        "HoursOfSnow": 0.0,
        "HoursOfIce": 0.0,
        "CloudCover": 55
      },
      "Night": {
        "Icon": 35,
        "IconPhrase": "Partly cloudy",
        "HasPrecipitation": false,
        "ShortPhrase": "Patchy clouds",
        "LongPhrase": "Patchy clouds",
        "PrecipitationProbability": 3,
        "ThunderstormProbability": 0,
        "RainProbability": 3,
        "SnowProbability": 0,
        "IceProbability": 0,
        "Wind": {
          "Speed": { "Value": 5.8, "Unit": "mi/h", "UnitType": 9 },
          "Direction": { "Degrees": 350, "Localized": "N", "English": "N" }
        },
        "WindGust": {
          "Speed": { "Value": 9.2, "Unit": "mi/h", "UnitType": 9 },
          "Direction": { "Degrees": 305, "Localized": "NW", "English": "NW" }
        },
        "TotalLiquid": { "Value": 0.0, "Unit": "in", "UnitType": 1 },
        "Rain": { "Value": 0.0, "Unit": "in", "UnitType": 1 },
        "Snow": { "Value": 0.0, "Unit": "in", "UnitType": 1 },
        "Ice": { "Value": 0.0, "Unit": "in", "UnitType": 1 },
        "HoursOfPrecipitation": 0.0,
        "HoursOfRain": 0.0,
        "HoursOfSnow": 0.0,
        "HoursOfIce": 0.0,
        "CloudCover": 49
      },
      "Sources": ["AccuWeather"],
      "MobileLink": "http://m.accuweather.com/en/au/perth/26797/daily-weather-forecast/26797?day=5&lang=en-us",
      "Link": "http://www.accuweather.com/en/au/perth/26797/daily-weather-forecast/26797?day=5&lang=en-us"
    }
  ]
}
